id,name,gender
1,Rusty,Male
2,Vassili,Male
3,Fair,Male
4,Asher,Polygender
5,Adolpho,Male
6,Ingaborg,Female
7,Claudette,Female
8,Menard,Polygender
9,Janina,Female
10,Mavra,Female
11,Samaria,Genderfluid
12,Calv,Male
13,Adara,Female
14,Fritz,Male
15,Sybila,Female
16,Kirsteni,Female
17,Brnaba,Male
18,Corri,Female
19,Bunny,Female
20,Cynthie,Female
21,Licha,Female
22,Morgan,Female
23,Jordan,Female
24,Fidole,Male
25,Lem,Male
26,Aubrie,Female
27,Eartha,Female
28,Svend,Male
29,Aryn,Female
30,Jess,Male
31,Cozmo,Male
32,Eolande,Bigender
33,Caitlin,Female
34,Abigail,Female
35,Gerek,Male
36,Chan,Male
37,Georas,Male
38,Clementius,Male
39,Juanita,Female
40,Hermy,Male
41,Alfredo,Male
42,Buffy,Female
43,Adolpho,Male
44,Averell,Genderfluid
45,Beckie,Female
46,Osmond,Male
47,Milty,Male
48,Riannon,Female
49,Drugi,Male
50,Lennie,Male
51,Wynn,Female
52,Terrye,Female
53,Marketa,Female
54,Laughton,Male
55,Devondra,Female
56,Dot,Polygender
57,Waring,Male
58,Atlante,Female
59,Dorotea,Female
60,Hervey,Polygender
61,Nicolea,Female
62,Bride,Female
63,Christabella,Female
64,Kellby,Male
65,Lek,Polygender
66,Tara,Female
67,Adelaide,Female
68,Fifine,Female
69,Kipp,Female
70,Jeffy,Male
71,Mufi,Female
72,Elsbeth,Female
73,Cathyleen,Female
74,Vernice,Female
75,Mallory,Male
76,Thaxter,Male
77,Garvey,Male
78,Marshal,Male
79,Elva,Female
80,Carrol,Male
81,Crosby,Male
82,Richardo,Genderfluid
83,Sonnie,Female
84,Feodora,Female
85,Beth,Female
86,Clim,Male
87,Genni,Female
88,Chiarra,Female
89,Ly,Male
90,Carroll,Male
91,Ernesta,Female
92,Shaylah,Female
93,Tilda,Female
94,Dru,Female
95,Rudiger,Male
96,Donna,Female
97,Chauncey,Male
98,Bianka,Female
99,Marie-ann,Female
100,Erasmus,Male